<application>
  <component name="VimEditorSettings">
    <editor>
      <key-repeat enabled="true" />
    </editor>
  </component>
  <component name="VimHistorySettings">
    <history>
      <history-search>
        <entry>applicationInfo</entry>
        <entry>android.</entry>
        <entry>big</entry>
        <entry>bigText</entry>
        <entry>user</entry>
        <entry>packageName</entry>
        <entry>Date</entry>
        <entry>arlete</entry>
        <entry>extras</entry>
        <entry>android.titl</entry>
        <entry>summary</entry>
        <entry>SUMMARY</entry>
        <entry>view</entry>
        <entry>viewMo</entry>
        <entry>mLifeCycle</entry>
        <entry>Lifecycle</entry>
        <entry>notify</entry>
        <entry>onCreateViewHolder</entry>
        <entry>gcFragm</entry>
        <entry>createFragment</entry>
      </history-search>
      <history-cmd>
        <entry>action GotoFiles</entry>
        <entry>action RecentFile</entry>
        <entry>action RecentChangedFiles</entry>
        <entry>action Debug</entry>
        <entry>action Stop</entry>
        <entry>action FindUsage</entry>
        <entry>action ActivateLogcatWindow</entry>
        <entry>action ActivateLogcatToolWindow</entry>
        <entry>action ExtractMethod</entry>
        <entry>action NewFile</entry>
        <entry>action NewXml</entry>
        <entry>actionlist NewResouceFile</entry>
        <entry>actionlist</entry>
        <entry>action GotoFile</entry>
        <entry>action FindUsages</entry>
        <entry>action ShowUsages</entry>
        <entry>action ReformatCode</entry>
        <entry>action NewClass</entry>
        <entry>action RecentFiles</entry>
        <entry>action GotoAction</entry>
      </history-cmd>
      <history-expr />
      <history-input />
    </history>
  </component>
  <component name="VimKeySettings">
    <shortcut-conflicts>
      <shortcut-conflict owner="vim">
        <text>ctrl pressed H</text>
      </shortcut-conflict>
      <shortcut-conflict owner="vim">
        <text>ctrl pressed N</text>
      </shortcut-conflict>
      <shortcut-conflict owner="ide">
        <text>ctrl pressed R</text>
      </shortcut-conflict>
      <shortcut-conflict owner="ide">
        <text>ctrl pressed D</text>
      </shortcut-conflict>
      <shortcut-conflict owner="vim">
        <text>ctrl pressed E</text>
      </shortcut-conflict>
      <shortcut-conflict owner="vim">
        <text>ctrl pressed V</text>
      </shortcut-conflict>
      <shortcut-conflict owner="ide">
        <text>ctrl pressed I</text>
      </shortcut-conflict>
      <shortcut-conflict owner="vim">
        <text>ctrl pressed A</text>
      </shortcut-conflict>
    </shortcut-conflicts>
  </component>
  <component name="VimMarksSettings">
    <globalmarks />
    <filemarks>
      <file name="/Dummy.txt" timestamp="1589652436469">
        <mark key="[" line="0" column="1" />
      </file>
      <file name="$USER_HOME$/android/tutorial/Banners/app/src/main/java/co/tiagoaguiar/banners/MainActivity.kt" timestamp="1589501828637">
        <mark key="[" line="44" column="0" />
        <mark key="]" line="44" column="0" />
        <mark key="." line="44" column="0" />
      </file>
      <file name="$USER_HOME$/android/codelab/WebCam/app/src/main/java/co/tiagoaguiar/webcam/MainActivity.kt" timestamp="1589485038666">
        <mark key="[" line="35" column="42" />
        <mark key="]" line="67" column="24" />
        <mark key="^" line="67" column="25" />
        <mark key="." line="67" column="24" />
      </file>
      <file name="$USER_HOME$/android/myproject/phoenix/app/src/main/res/values/styles.xml" timestamp="1589647143114">
        <mark key="[" line="2" column="0" />
        <mark key="]" line="2" column="0" />
        <mark key="." line="2" column="0" />
        <mark key="^" line="9" column="47" />
      </file>
      <file name="$USER_HOME$/android/myproject/phoenix/app/src/main/AndroidManifest.xml" timestamp="1589646986265">
        <mark key="[" line="10" column="23" />
        <mark key="]" line="10" column="38" />
        <mark key="." line="10" column="37" />
        <mark key="^" line="10" column="38" />
      </file>
      <file name="$USER_HOME$/android/myproject/phoenix/app/src/main/java/co/tiagoaguiar/phoenix/MainMenuActivity.java" timestamp="1589652907735">
        <mark key="[" line="14" column="48" />
        <mark key="]" line="16" column="24" />
        <mark key="." line="16" column="23" />
        <mark key="^" line="16" column="24" />
      </file>
      <file name="$USER_HOME$/android/tutorial/Banners/app/src/main/java/co/tiagoaguiar/banners/BannerFragment.kt" timestamp="1589501418165">
        <mark key="[" line="31" column="65" />
        <mark key="]" line="32" column="8" />
        <mark key="^" line="32" column="8" />
        <mark key="." line="32" column="7" />
      </file>
      <file name="$USER_HOME$/android/freela/club-50-android/app/src/main/java/br/com/club50mais/common/component/dialog/WebDialog.kt" timestamp="1589899281862" />
      <file name="$USER_HOME$/android/tutorial/Banners/app/build.gradle" timestamp="1589499899131">
        <mark key="[" line="35" column="57" />
        <mark key="]" line="34" column="53" />
        <mark key="^" line="33" column="4" />
        <mark key="." line="34" column="0" />
      </file>
      <file name="$USER_HOME$/android/codelab/Live007Onboarding/app/src/main/res/values/strings.xml" timestamp="1589485645934">
        <mark key="[" line="8" column="23" />
        <mark key="]" line="8" column="20" />
        <mark key="^" line="8" column="20" />
        <mark key="." line="8" column="19" />
      </file>
      <file name="$USER_HOME$/.gradle/caches/modules-2/files-2.1/androidx.viewpager2/viewpager2/1.0.0/3c3569044e6969f1ee5c3aa03b08e6717a2d782f/viewpager2-1.0.0-sources.jar!/androidx/viewpager2/adapter/FragmentStateAdapter.java" timestamp="1589499448477">
        <mark key="'" line="267" column="35" />
      </file>
      <file name="$USER_HOME$/Library/Android/sdk/platforms/android-29/data/res/values/themes.xml" timestamp="1589646955115">
        <mark key="[" line="604" column="0" />
        <mark key="]" line="605" column="56" />
      </file>
      <file name="$USER_HOME$/android/tutorial/Banners/app/src/main/res/layout/activity_main.xml" timestamp="1589501513550">
        <mark key="[" line="6" column="0" />
        <mark key="]" line="6" column="0" />
        <mark key="." line="6" column="0" />
      </file>
      <file name="$USER_HOME$/.gradle/caches/modules-2/files-2.1/androidx.appcompat/appcompat/1.1.0/9865019bbd2d95e41dede3d8ebf964aa93f97766/appcompat-1.1.0-sources.jar!/androidx/appcompat/app/AppCompatActivity.java" timestamp="1589501780476">
        <mark key="[" line="77" column="5" />
        <mark key="]" line="77" column="5" />
        <mark key="^" line="77" column="5" />
        <mark key="." line="77" column="4" />
      </file>
      <file name="$USER_HOME$/android/tutorial/Banners/app/src/main/res/layout/frag_banner.xml" timestamp="1589501508801">
        <mark key="[" line="4" column="0" />
        <mark key="]" line="4" column="0" />
        <mark key="." line="4" column="0" />
      </file>
      <file name="$USER_HOME$/android/codelab/Live007Onboarding/app/src/main/java/co/tiagoaguiar/live007onboarding/MainActivity.kt" timestamp="1589486242864">
        <mark key="[" line="23" column="0" />
        <mark key="]" line="23" column="0" />
        <mark key="." line="23" column="0" />
      </file>
      <file name="/fragment.java" timestamp="1589652384919">
        <mark key="[" line="0" column="0" />
      </file>
      <file name="$USER_HOME$/android/tutorial/Banners/app/src/main/java/co/tiagoaguiar/banners/ToastUtils.java" timestamp="1589501717603">
        <mark key="[" line="5" column="7" />
        <mark key="]" line="4" column="28" />
        <mark key="^" line="4" column="28" />
        <mark key="." line="4" column="27" />
      </file>
      <file name="$USER_HOME$/android/tutorial/Banners/app/src/main/res/values/strings.xml" timestamp="1589498699252">
        <mark key="[" line="8" column="24" />
        <mark key="]" line="8" column="24" />
        <mark key="^" line="8" column="21" />
        <mark key="." line="8" column="24" />
      </file>
      <file name="$USER_HOME$/android/tutorial/Banners/app/src/main/res/values/styles.xml" timestamp="1589501545167">
        <mark key="[" line="3" column="57" />
        <mark key="]" line="3" column="57" />
        <mark key="." line="3" column="57" />
      </file>
    </filemarks>
    <jumps>
      <jump line="6487" column="45" filename="$USER_HOME$/Library/Android/sdk/sources/android-29/android/app/Notification.java" />
      <jump line="5537" column="19" filename="$USER_HOME$/Library/Android/sdk/sources/android-29/android/app/Notification.java" />
      <jump line="5535" column="16" filename="$USER_HOME$/Library/Android/sdk/sources/android-29/android/app/Notification.java" />
      <jump line="5531" column="16" filename="$USER_HOME$/Library/Android/sdk/sources/android-29/android/app/Notification.java" />
      <jump line="5527" column="16" filename="$USER_HOME$/Library/Android/sdk/sources/android-29/android/app/Notification.java" />
      <jump line="5521" column="35" filename="$USER_HOME$/Library/Android/sdk/sources/android-29/android/app/Notification.java" />
      <jump line="5509" column="18" filename="$USER_HOME$/Library/Android/sdk/sources/android-29/android/app/Notification.java" />
      <jump line="5508" column="64" filename="$USER_HOME$/Library/Android/sdk/sources/android-29/android/app/Notification.java" />
      <jump line="5075" column="42" filename="$USER_HOME$/Library/Android/sdk/sources/android-29/android/app/Notification.java" />
      <jump line="5072" column="16" filename="$USER_HOME$/Library/Android/sdk/sources/android-29/android/app/Notification.java" />
      <jump line="5070" column="16" filename="$USER_HOME$/Library/Android/sdk/sources/android-29/android/app/Notification.java" />
      <jump line="5067" column="16" filename="$USER_HOME$/Library/Android/sdk/sources/android-29/android/app/Notification.java" />
      <jump line="5065" column="16" filename="$USER_HOME$/Library/Android/sdk/sources/android-29/android/app/Notification.java" />
      <jump line="5063" column="16" filename="$USER_HOME$/Library/Android/sdk/sources/android-29/android/app/Notification.java" />
      <jump line="5062" column="25" filename="$USER_HOME$/Library/Android/sdk/sources/android-29/android/app/Notification.java" />
      <jump line="4330" column="77" filename="$USER_HOME$/Library/Android/sdk/sources/android-29/android/app/Notification.java" />
      <jump line="4329" column="21" filename="$USER_HOME$/Library/Android/sdk/sources/android-29/android/app/Notification.java" />
      <jump line="4326" column="49" filename="$USER_HOME$/Library/Android/sdk/sources/android-29/android/app/Notification.java" />
      <jump line="4313" column="44" filename="$USER_HOME$/Library/Android/sdk/sources/android-29/android/app/Notification.java" />
      <jump line="3566" column="51" filename="$USER_HOME$/Library/Android/sdk/sources/android-29/android/app/Notification.java" />
      <jump line="1330" column="42" filename="$USER_HOME$/Library/Android/sdk/sources/android-29/android/app/Notification.java" />
      <jump line="1327" column="65" filename="$USER_HOME$/Library/Android/sdk/sources/android-29/android/app/Notification.java" />
      <jump line="1324" column="81" filename="$USER_HOME$/Library/Android/sdk/sources/android-29/android/app/Notification.java" />
      <jump line="1030" column="46" filename="$USER_HOME$/Library/Android/sdk/sources/android-29/android/app/Notification.java" />
      <jump line="607" column="45" filename="$USER_HOME$/Library/Android/sdk/sources/android-29/android/app/Notification.java" />
      <jump line="599" column="45" filename="$USER_HOME$/Library/Android/sdk/sources/android-29/android/app/Notification.java" />
      <jump line="10505" column="17" filename="$USER_HOME$/Library/Android/sdk/sources/android-29/android/app/Notification.java" />
      <jump line="10467" column="17" filename="$USER_HOME$/Library/Android/sdk/sources/android-29/android/app/Notification.java" />
      <jump line="10466" column="37" filename="$USER_HOME$/Library/Android/sdk/sources/android-29/android/app/Notification.java" />
      <jump line="603" column="39" filename="$USER_HOME$/Library/Android/sdk/sources/android-29/android/app/Notification.java" />
      <jump line="1034" column="37" filename="$USER_HOME$/Library/Android/sdk/sources/android-29/android/app/Notification.java" />
      <jump line="612" column="43" filename="$USER_HOME$/Library/Android/sdk/sources/android-29/android/app/Notification.java" />
      <jump line="65" column="4" filename="$USER_HOME$/android/aluno/healthy-calculator/app/src/main/java/br/com/daniel/healthycalculator/adapter/MainAdapter.java" />
      <jump line="32" column="0" filename="$USER_HOME$/android/aluno/healthy-calculator/app/src/main/java/br/com/daniel/healthycalculator/ui/MainActivity.java" />
      <jump line="20" column="89" filename="$USER_HOME$/android/aluno/healthy-calculator/app/src/main/java/br/com/daniel/healthycalculator/adapter/MainAdapter.java" />
      <jump line="27" column="6" filename="$USER_HOME$/android/aluno/healthy-calculator/app/src/main/java/br/com/daniel/healthycalculator/adapter/MainAdapter.java" />
      <jump line="77" column="4" filename="$USER_HOME$/android/aluno/healthy-calculator/app/src/main/java/br/com/daniel/healthycalculator/adapter/MainAdapter.java" />
      <jump line="29" column="32" filename="$USER_HOME$/android/aluno/healthy-calculator/app/src/main/java/br/com/daniel/healthycalculator/adapter/MainAdapter.java" />
      <jump line="92" column="4" filename="$USER_HOME$/android/aluno/Movies/app/src/main/java/br/com/hemersonsilva/movies/repository/MovieRepository.kt" />
      <jump line="85" column="4" filename="$USER_HOME$/android/tutorial/evernotekt/app/src/main/java/co/tiagoaguiar/evernotekt/view/activities/FormActivity.kt" />
      <jump line="75" column="0" filename="$USER_HOME$/android/tutorial/evernotekt/app/src/main/java/co/tiagoaguiar/evernotekt/view/activities/FormActivity.kt" />
      <jump line="1" column="0" filename="$USER_HOME$/android/tutorial/evernotekt/app/src/main/res/layout/activity_form.xml" />
      <jump line="38" column="53" filename="$USER_HOME$/android/tutorial/evernotekt/app/src/main/res/layout/activity_form.xml" />
      <jump line="2" column="13" filename="$USER_HOME$/android/tutorial/evernotekt/app/src/main/res/layout/content_form.xml" />
      <jump line="74" column="0" filename="$USER_HOME$/android/tutorial/evernotekt/app/src/main/res/layout/content_form.xml" />
      <jump line="39" column="22" filename="$USER_HOME$/android/tutorial/evernotekt/app/src/main/res/layout/content_form.xml" />
      <jump line="126" column="4" filename="$USER_HOME$/.gradle/caches/modules-2/files-2.1/androidx.viewpager2/viewpager2/1.0.0/3c3569044e6969f1ee5c3aa03b08e6717a2d782f/viewpager2-1.0.0-sources.jar!/androidx/viewpager2/adapter/FragmentStateAdapter.java" />
      <jump line="368" column="44" filename="$USER_HOME$/.gradle/caches/modules-2/files-2.1/androidx.viewpager2/viewpager2/1.0.0/3c3569044e6969f1ee5c3aa03b08e6717a2d782f/viewpager2-1.0.0-sources.jar!/androidx/viewpager2/adapter/FragmentStateAdapter.java" />
      <jump line="376" column="49" filename="$USER_HOME$/.gradle/caches/modules-2/files-2.1/androidx.viewpager2/viewpager2/1.0.0/3c3569044e6969f1ee5c3aa03b08e6717a2d782f/viewpager2-1.0.0-sources.jar!/androidx/viewpager2/adapter/FragmentStateAdapter.java" />
      <jump line="583" column="35" filename="$USER_HOME$/.gradle/caches/modules-2/files-2.1/androidx.viewpager2/viewpager2/1.0.0/3c3569044e6969f1ee5c3aa03b08e6717a2d782f/viewpager2-1.0.0-sources.jar!/androidx/viewpager2/adapter/FragmentStateAdapter.java" />
      <jump line="585" column="48" filename="$USER_HOME$/.gradle/caches/modules-2/files-2.1/androidx.viewpager2/viewpager2/1.0.0/3c3569044e6969f1ee5c3aa03b08e6717a2d782f/viewpager2-1.0.0-sources.jar!/androidx/viewpager2/adapter/FragmentStateAdapter.java" />
      <jump line="586" column="29" filename="$USER_HOME$/.gradle/caches/modules-2/files-2.1/androidx.viewpager2/viewpager2/1.0.0/3c3569044e6969f1ee5c3aa03b08e6717a2d782f/viewpager2-1.0.0-sources.jar!/androidx/viewpager2/adapter/FragmentStateAdapter.java" />
      <jump line="587" column="29" filename="$USER_HOME$/.gradle/caches/modules-2/files-2.1/androidx.viewpager2/viewpager2/1.0.0/3c3569044e6969f1ee5c3aa03b08e6717a2d782f/viewpager2-1.0.0-sources.jar!/androidx/viewpager2/adapter/FragmentStateAdapter.java" />
      <jump line="589" column="30" filename="$USER_HOME$/.gradle/caches/modules-2/files-2.1/androidx.viewpager2/viewpager2/1.0.0/3c3569044e6969f1ee5c3aa03b08e6717a2d782f/viewpager2-1.0.0-sources.jar!/androidx/viewpager2/adapter/FragmentStateAdapter.java" />
      <jump line="616" column="21" filename="$USER_HOME$/.gradle/caches/modules-2/files-2.1/androidx.viewpager2/viewpager2/1.0.0/3c3569044e6969f1ee5c3aa03b08e6717a2d782f/viewpager2-1.0.0-sources.jar!/androidx/viewpager2/adapter/FragmentStateAdapter.java" />
      <jump line="619" column="40" filename="$USER_HOME$/.gradle/caches/modules-2/files-2.1/androidx.viewpager2/viewpager2/1.0.0/3c3569044e6969f1ee5c3aa03b08e6717a2d782f/viewpager2-1.0.0-sources.jar!/androidx/viewpager2/adapter/FragmentStateAdapter.java" />
      <jump line="631" column="37" filename="$USER_HOME$/.gradle/caches/modules-2/files-2.1/androidx.viewpager2/viewpager2/1.0.0/3c3569044e6969f1ee5c3aa03b08e6717a2d782f/viewpager2-1.0.0-sources.jar!/androidx/viewpager2/adapter/FragmentStateAdapter.java" />
      <jump line="636" column="37" filename="$USER_HOME$/.gradle/caches/modules-2/files-2.1/androidx.viewpager2/viewpager2/1.0.0/3c3569044e6969f1ee5c3aa03b08e6717a2d782f/viewpager2-1.0.0-sources.jar!/androidx/viewpager2/adapter/FragmentStateAdapter.java" />
      <jump line="645" column="37" filename="$USER_HOME$/.gradle/caches/modules-2/files-2.1/androidx.viewpager2/viewpager2/1.0.0/3c3569044e6969f1ee5c3aa03b08e6717a2d782f/viewpager2-1.0.0-sources.jar!/androidx/viewpager2/adapter/FragmentStateAdapter.java" />
      <jump line="652" column="37" filename="$USER_HOME$/.gradle/caches/modules-2/files-2.1/androidx.viewpager2/viewpager2/1.0.0/3c3569044e6969f1ee5c3aa03b08e6717a2d782f/viewpager2-1.0.0-sources.jar!/androidx/viewpager2/adapter/FragmentStateAdapter.java" />
      <jump line="654" column="52" filename="$USER_HOME$/.gradle/caches/modules-2/files-2.1/androidx.viewpager2/viewpager2/1.0.0/3c3569044e6969f1ee5c3aa03b08e6717a2d782f/viewpager2-1.0.0-sources.jar!/androidx/viewpager2/adapter/FragmentStateAdapter.java" />
      <jump line="655" column="33" filename="$USER_HOME$/.gradle/caches/modules-2/files-2.1/androidx.viewpager2/viewpager2/1.0.0/3c3569044e6969f1ee5c3aa03b08e6717a2d782f/viewpager2-1.0.0-sources.jar!/androidx/viewpager2/adapter/FragmentStateAdapter.java" />
      <jump line="656" column="37" filename="$USER_HOME$/.gradle/caches/modules-2/files-2.1/androidx.viewpager2/viewpager2/1.0.0/3c3569044e6969f1ee5c3aa03b08e6717a2d782f/viewpager2-1.0.0-sources.jar!/androidx/viewpager2/adapter/FragmentStateAdapter.java" />
      <jump line="659" column="36" filename="$USER_HOME$/.gradle/caches/modules-2/files-2.1/androidx.viewpager2/viewpager2/1.0.0/3c3569044e6969f1ee5c3aa03b08e6717a2d782f/viewpager2-1.0.0-sources.jar!/androidx/viewpager2/adapter/FragmentStateAdapter.java" />
      <jump line="666" column="39" filename="$USER_HOME$/.gradle/caches/modules-2/files-2.1/androidx.viewpager2/viewpager2/1.0.0/3c3569044e6969f1ee5c3aa03b08e6717a2d782f/viewpager2-1.0.0-sources.jar!/androidx/viewpager2/adapter/FragmentStateAdapter.java" />
      <jump line="670" column="30" filename="$USER_HOME$/.gradle/caches/modules-2/files-2.1/androidx.viewpager2/viewpager2/1.0.0/3c3569044e6969f1ee5c3aa03b08e6717a2d782f/viewpager2-1.0.0-sources.jar!/androidx/viewpager2/adapter/FragmentStateAdapter.java" />
      <jump line="672" column="55" filename="$USER_HOME$/.gradle/caches/modules-2/files-2.1/androidx.viewpager2/viewpager2/1.0.0/3c3569044e6969f1ee5c3aa03b08e6717a2d782f/viewpager2-1.0.0-sources.jar!/androidx/viewpager2/adapter/FragmentStateAdapter.java" />
      <jump line="713" column="38" filename="$USER_HOME$/.gradle/caches/modules-2/files-2.1/androidx.viewpager2/viewpager2/1.0.0/3c3569044e6969f1ee5c3aa03b08e6717a2d782f/viewpager2-1.0.0-sources.jar!/androidx/viewpager2/adapter/FragmentStateAdapter.java" />
      <jump line="721" column="34" filename="$USER_HOME$/.gradle/caches/modules-2/files-2.1/androidx.viewpager2/viewpager2/1.0.0/3c3569044e6969f1ee5c3aa03b08e6717a2d782f/viewpager2-1.0.0-sources.jar!/androidx/viewpager2/adapter/FragmentStateAdapter.java" />
      <jump line="19" column="33" filename="$USER_HOME$/.gradle/caches/modules-2/files-2.1/androidx.viewpager2/viewpager2/1.0.0/3c3569044e6969f1ee5c3aa03b08e6717a2d782f/viewpager2-1.0.0-sources.jar!/androidx/viewpager2/adapter/FragmentStateAdapter.java" />
      <jump line="20" column="33" filename="$USER_HOME$/.gradle/caches/modules-2/files-2.1/androidx.viewpager2/viewpager2/1.0.0/3c3569044e6969f1ee5c3aa03b08e6717a2d782f/viewpager2-1.0.0-sources.jar!/androidx/viewpager2/adapter/FragmentStateAdapter.java" />
      <jump line="43" column="26" filename="$USER_HOME$/.gradle/caches/modules-2/files-2.1/androidx.viewpager2/viewpager2/1.0.0/3c3569044e6969f1ee5c3aa03b08e6717a2d782f/viewpager2-1.0.0-sources.jar!/androidx/viewpager2/adapter/FragmentStateAdapter.java" />
      <jump line="44" column="26" filename="$USER_HOME$/.gradle/caches/modules-2/files-2.1/androidx.viewpager2/viewpager2/1.0.0/3c3569044e6969f1ee5c3aa03b08e6717a2d782f/viewpager2-1.0.0-sources.jar!/androidx/viewpager2/adapter/FragmentStateAdapter.java" />
      <jump line="45" column="26" filename="$USER_HOME$/.gradle/caches/modules-2/files-2.1/androidx.viewpager2/viewpager2/1.0.0/3c3569044e6969f1ee5c3aa03b08e6717a2d782f/viewpager2-1.0.0-sources.jar!/androidx/viewpager2/adapter/FragmentStateAdapter.java" />
      <jump line="54" column="3" filename="$USER_HOME$/.gradle/caches/modules-2/files-2.1/androidx.viewpager2/viewpager2/1.0.0/3c3569044e6969f1ee5c3aa03b08e6717a2d782f/viewpager2-1.0.0-sources.jar!/androidx/viewpager2/adapter/FragmentStateAdapter.java" />
      <jump line="76" column="21" filename="$USER_HOME$/.gradle/caches/modules-2/files-2.1/androidx.viewpager2/viewpager2/1.0.0/3c3569044e6969f1ee5c3aa03b08e6717a2d782f/viewpager2-1.0.0-sources.jar!/androidx/viewpager2/adapter/FragmentStateAdapter.java" />
      <jump line="86" column="53" filename="$USER_HOME$/.gradle/caches/modules-2/files-2.1/androidx.viewpager2/viewpager2/1.0.0/3c3569044e6969f1ee5c3aa03b08e6717a2d782f/viewpager2-1.0.0-sources.jar!/androidx/viewpager2/adapter/FragmentStateAdapter.java" />
      <jump line="98" column="71" filename="$USER_HOME$/.gradle/caches/modules-2/files-2.1/androidx.viewpager2/viewpager2/1.0.0/3c3569044e6969f1ee5c3aa03b08e6717a2d782f/viewpager2-1.0.0-sources.jar!/androidx/viewpager2/adapter/FragmentStateAdapter.java" />
      <jump line="101" column="79" filename="$USER_HOME$/.gradle/caches/modules-2/files-2.1/androidx.viewpager2/viewpager2/1.0.0/3c3569044e6969f1ee5c3aa03b08e6717a2d782f/viewpager2-1.0.0-sources.jar!/androidx/viewpager2/adapter/FragmentStateAdapter.java" />
      <jump line="108" column="71" filename="$USER_HOME$/.gradle/caches/modules-2/files-2.1/androidx.viewpager2/viewpager2/1.0.0/3c3569044e6969f1ee5c3aa03b08e6717a2d782f/viewpager2-1.0.0-sources.jar!/androidx/viewpager2/adapter/FragmentStateAdapter.java" />
      <jump line="111" column="61" filename="$USER_HOME$/.gradle/caches/modules-2/files-2.1/androidx.viewpager2/viewpager2/1.0.0/3c3569044e6969f1ee5c3aa03b08e6717a2d782f/viewpager2-1.0.0-sources.jar!/androidx/viewpager2/adapter/FragmentStateAdapter.java" />
      <jump line="122" column="21" filename="$USER_HOME$/.gradle/caches/modules-2/files-2.1/androidx.viewpager2/viewpager2/1.0.0/3c3569044e6969f1ee5c3aa03b08e6717a2d782f/viewpager2-1.0.0-sources.jar!/androidx/viewpager2/adapter/FragmentStateAdapter.java" />
      <jump line="124" column="9" filename="$USER_HOME$/.gradle/caches/modules-2/files-2.1/androidx.viewpager2/viewpager2/1.0.0/3c3569044e6969f1ee5c3aa03b08e6717a2d782f/viewpager2-1.0.0-sources.jar!/androidx/viewpager2/adapter/FragmentStateAdapter.java" />
      <jump line="131" column="34" filename="$USER_HOME$/.gradle/caches/modules-2/files-2.1/androidx.viewpager2/viewpager2/1.0.0/3c3569044e6969f1ee5c3aa03b08e6717a2d782f/viewpager2-1.0.0-sources.jar!/androidx/viewpager2/adapter/FragmentStateAdapter.java" />
      <jump line="132" column="55" filename="$USER_HOME$/.gradle/caches/modules-2/files-2.1/androidx.viewpager2/viewpager2/1.0.0/3c3569044e6969f1ee5c3aa03b08e6717a2d782f/viewpager2-1.0.0-sources.jar!/androidx/viewpager2/adapter/FragmentStateAdapter.java" />
      <jump line="133" column="20" filename="$USER_HOME$/.gradle/caches/modules-2/files-2.1/androidx.viewpager2/viewpager2/1.0.0/3c3569044e6969f1ee5c3aa03b08e6717a2d782f/viewpager2-1.0.0-sources.jar!/androidx/viewpager2/adapter/FragmentStateAdapter.java" />
      <jump line="139" column="20" filename="$USER_HOME$/.gradle/caches/modules-2/files-2.1/androidx.viewpager2/viewpager2/1.0.0/3c3569044e6969f1ee5c3aa03b08e6717a2d782f/viewpager2-1.0.0-sources.jar!/androidx/viewpager2/adapter/FragmentStateAdapter.java" />
      <jump line="140" column="20" filename="$USER_HOME$/.gradle/caches/modules-2/files-2.1/androidx.viewpager2/viewpager2/1.0.0/3c3569044e6969f1ee5c3aa03b08e6717a2d782f/viewpager2-1.0.0-sources.jar!/androidx/viewpager2/adapter/FragmentStateAdapter.java" />
      <jump line="339" column="27" filename="$USER_HOME$/.gradle/caches/modules-2/files-2.1/androidx.viewpager2/viewpager2/1.0.0/3c3569044e6969f1ee5c3aa03b08e6717a2d782f/viewpager2-1.0.0-sources.jar!/androidx/viewpager2/adapter/FragmentStateAdapter.java" />
      <jump line="341" column="59" filename="$USER_HOME$/.gradle/caches/modules-2/files-2.1/androidx.viewpager2/viewpager2/1.0.0/3c3569044e6969f1ee5c3aa03b08e6717a2d782f/viewpager2-1.0.0-sources.jar!/androidx/viewpager2/adapter/FragmentStateAdapter.java" />
      <jump line="346" column="39" filename="$USER_HOME$/.gradle/caches/modules-2/files-2.1/androidx.viewpager2/viewpager2/1.0.0/3c3569044e6969f1ee5c3aa03b08e6717a2d782f/viewpager2-1.0.0-sources.jar!/androidx/viewpager2/adapter/FragmentStateAdapter.java" />
      <jump line="349" column="33" filename="$USER_HOME$/.gradle/caches/modules-2/files-2.1/androidx.viewpager2/viewpager2/1.0.0/3c3569044e6969f1ee5c3aa03b08e6717a2d782f/viewpager2-1.0.0-sources.jar!/androidx/viewpager2/adapter/FragmentStateAdapter.java" />
      <jump line="353" column="30" filename="$USER_HOME$/.gradle/caches/modules-2/files-2.1/androidx.viewpager2/viewpager2/1.0.0/3c3569044e6969f1ee5c3aa03b08e6717a2d782f/viewpager2-1.0.0-sources.jar!/androidx/viewpager2/adapter/FragmentStateAdapter.java" />
      <jump line="367" column="41" filename="$USER_HOME$/.gradle/caches/modules-2/files-2.1/androidx.viewpager2/viewpager2/1.0.0/3c3569044e6969f1ee5c3aa03b08e6717a2d782f/viewpager2-1.0.0-sources.jar!/androidx/viewpager2/adapter/FragmentStateAdapter.java" />
      <jump line="348" column="73" filename="$USER_HOME$/.gradle/caches/modules-2/files-2.1/androidx.viewpager2/viewpager2/1.0.0/3c3569044e6969f1ee5c3aa03b08e6717a2d782f/viewpager2-1.0.0-sources.jar!/androidx/viewpager2/adapter/FragmentStateAdapter.java" />
      <jump line="91" column="46" filename="$USER_HOME$/.gradle/caches/modules-2/files-2.1/androidx.viewpager2/viewpager2/1.0.0/3c3569044e6969f1ee5c3aa03b08e6717a2d782f/viewpager2-1.0.0-sources.jar!/androidx/viewpager2/adapter/FragmentStateAdapter.java" />
      <jump line="110" column="43" filename="$USER_HOME$/.gradle/caches/modules-2/files-2.1/androidx.viewpager2/viewpager2/1.0.0/3c3569044e6969f1ee5c3aa03b08e6717a2d782f/viewpager2-1.0.0-sources.jar!/androidx/viewpager2/adapter/FragmentStateAdapter.java" />
      <jump line="100" column="11" filename="$USER_HOME$/.gradle/caches/modules-2/files-2.1/androidx.viewpager2/viewpager2/1.0.0/3c3569044e6969f1ee5c3aa03b08e6717a2d782f/viewpager2-1.0.0-sources.jar!/androidx/viewpager2/adapter/FragmentStateAdapter.java" />
      <jump line="155" column="38" filename="$USER_HOME$/.gradle/caches/modules-2/files-2.1/androidx.viewpager2/viewpager2/1.0.0/3c3569044e6969f1ee5c3aa03b08e6717a2d782f/viewpager2-1.0.0-sources.jar!/androidx/viewpager2/adapter/FragmentStateAdapter.java" />
      <jump line="267" column="35" filename="$USER_HOME$/.gradle/caches/modules-2/files-2.1/androidx.viewpager2/viewpager2/1.0.0/3c3569044e6969f1ee5c3aa03b08e6717a2d782f/viewpager2-1.0.0-sources.jar!/androidx/viewpager2/adapter/FragmentStateAdapter.java" />
    </jumps>
  </component>
  <component name="VimRegisterSettings">
    <registers>
      <register name="&quot;" type="2">
        <text encoding="base64">Cg==</text>
      </register>
      <register name="-" type="4">
        <text>a</text>
      </register>
      <register name="/" type="4">
        <text>createFragment</text>
      </register>
      <register name="0" type="2">
        <text encoding="base64">ICAgICAgICA8aXRlbSBuYW1lPSJ3aW5kb3dCYWNrZ3JvdW5kIj5AY29sb3IvYmxhY2s8L2l0ZW0+CiAgICAgICAgPGl0ZW0gbmFtZT0iY29sb3JCYWNrZ3JvdW5kIj5AY29sb3IvYmxhY2s8L2l0ZW0+Cg==</text>
      </register>
      <register name="1" type="2">
        <text encoding="base64">Cg==</text>
      </register>
      <register name="2" type="4">
        <text encoding="base64">CglmaW5hbCBpbnQgeDsKCVN0cmluZyByID0gIkhlbGxvIHdvcmxkIjsKCWlmICh0cnVlKSB7CgkJeCA9IDEwOwoJfQ==</text>
      </register>
      <register name="3" type="2">
        <text encoding="base64">Cg==</text>
      </register>
      <register name="4" type="2">
        <text encoding="base64">Cg==</text>
      </register>
      <register name="5" type="2">
        <text encoding="base64">CQloZWxsbygpOwo=</text>
      </register>
      <register name="6" type="4">
        <text encoding="base64">Cglwcml2YXRlIHZvaWQgaGVsbG8oKSB7CgkJaW50IHggPSAwOwoJCWlmICh0cnVlKSB7CgkJCXggPSAxMDsKCQl9Cgl9</text>
      </register>
      <register name="7" type="4">
        <text>int x = 0;
		if (true) {
			x = 10;
		}</text>
      </register>
      <register name="8" type="2">
        <text encoding="base64">CQlrZWx5KClqamoK</text>
      </register>
      <register name="9" type="2">
        <text encoding="base64">CQlhc2RqYXNkYXNkbGhrCg==</text>
      </register>
      <register name=":" type="4">
        <text>action GotoAction</text>
      </register>
    </registers>
  </component>
  <component name="VimSearchSettings">
    <search>
      <last-search>createFragment</last-search>
      <last-offset />
      <last-pattern>createFragment</last-pattern>
      <last-dir>1</last-dir>
      <show-last>false</show-last>
    </search>
  </component>
  <component name="VimSettings">
    <state version="6" enabled="true" />
    <notifications>
      <idea-join enabled="true" />
      <idea-put enabled="false" />
    </notifications>
  </component>
</application>