<application>
  <component name="CodeInsightSettings">
    <option name="ADD_UNAMBIGIOUS_IMPORTS_ON_THE_FLY" value="true" />
  </component>
  <component name="EditorSettings">
    <option name="languageBreadcrumbsMap">
      <map>
        <entry key="Groovy" value="true" />
        <entry key="HTML" value="true" />
        <entry key="JAVA" value="false" />
        <entry key="JSON" value="true" />
        <entry key="Markdown" value="false" />
        <entry key="ObjectiveC" value="true" />
        <entry key="XHTML" value="true" />
        <entry key="XML" value="true" />
        <entry key="kotlin" value="true" />
        <entry key="yaml" value="true" />
      </map>
    </option>
    <option name="USE_SOFT_WRAPS" value="CONSOLE" />
    <option name="IS_CARET_BLINKING" value="false" />
    <option name="IS_RIGHT_MARGIN_SHOWN" value="false" />
    <option name="ARE_LINE_NUMBERS_SHOWN" value="false" />
    <option name="ARE_GUTTER_ICONS_SHOWN" value="false" />
    <option name="IS_FOLDING_OUTLINE_SHOWN" value="false" />
    <option name="SHOW_BREADCRUMBS_ABOVE" value="true" />
    <option name="SHOW_BREADCRUMBS" value="false" />
    <option name="IS_BLOCK_CURSOR" value="true" />
    <option name="IS_WHEEL_FONTCHANGE_ENABLED" value="true" />
  </component>
  <component name="InlayHintsSettings">
    <option name="disabledHintProviderIds">
      <set>
        <option value="kotlin.KotlinLambdasHintsProvider" />
        <option value="kotlin.KotlinReferencesTypeHintsProvider" />
      </set>
    </option>
    <option name="lastViewedProviderKeyId" value="KotlinLambdasHintsProvider" />
  </component>
  <component name="TodoConfiguration">
    <pattern pattern="\btodo\b.*" />
    <pattern pattern="\bfixme\b.*" />
  </component>
</application>