<application>
  <component name="GeneralSettings">
    <option name="confirmExit" value="false" />
    <option name="processCloseConfirmation" value="TERMINATE" />
    <option name="reopenLastProject" value="false" />
    <option name="showTipsOnStartup" value="false" />
    <option name="useSafeWrite" value="false" />
  </component>
  <component name="Registry">
    <entry key="external.system.auto.import.disabled" value="true" />
    <entry key="ide.instant.shutdown" value="false" />
    <entry key="editor.distraction.free.mode" value="true" />
    <entry key="ide.text.editor.with.preview.show.floating.toolbar" value="false" />
    <entry key="gradle.version.catalogs.dynamic.support" value="true" />
  </component>
</application>