<application>
  <component name="CodeInsightSettings">
    <option name="ADD_UNAMBIGIOUS_IMPORTS_ON_THE_FLY" value="true" />
  </component>
  <component name="DefaultFont">
    <option name="FONT_SIZE" value="15" />
    <option name="FONT_FAMILY" value="Liberation Mono for Powerline" />
    <option name="LINE_SPACING" value="1.1" />
  </component>
  <component name="EditorSettings">
    <option name="languageBreadcrumbsMap">
      <map>
        <entry key="Groovy" value="true" />
        <entry key="HTML" value="true" />
        <entry key="JAVA" value="false" />
        <entry key="JSON" value="true" />
        <entry key="ObjectiveC" value="true" />
        <entry key="XHTML" value="true" />
        <entry key="XML" value="true" />
        <entry key="kotlin" value="true" />
        <entry key="yaml" value="true" />
      </map>
    </option>
    <option name="USE_SOFT_WRAPS" value="CONSOLE" />
    <option name="SHOW_QUICK_DOC_ON_MOUSE_OVER_ELEMENT" value="false" />
    <option name="IS_RIGHT_MARGIN_SHOWN" value="false" />
    <option name="ARE_LINE_NUMBERS_SHOWN" value="false" />
    <option name="IS_FOLDING_OUTLINE_SHOWN" value="false" />
    <option name="SHOW_BREADCRUMBS_ABOVE" value="true" />
    <option name="SHOW_BREADCRUMBS" value="false" />
    <option name="ENABLE_RENDERED_DOC" value="true" />
    <option name="IS_BLOCK_CURSOR" value="true" />
    <option name="IS_INDENT_GUIDES_SHOWN" value="false" />
  </component>
  <component name="JetEditorOptions">
    <option name="donTShowConversionDialog" value="true" />
  </component>
</application>