<application>
  <component name="GeneralSettings">
    <option name="confirmExit" value="false" />
    <option name="processCloseConfirmation" value="TERMINATE" />
    <option name="reopenLastProject" value="false" />
    <option name="showTipsOnStartup" value="false" />
  </component>
  <component name="Registry">
    <entry key="ide.mac.allowDarkWindowDecorations" value="true" />
    <entry key="external.system.auto.import.disabled" value="true" />
    <entry key="ide.windowSystem.autoShowProcessPopup" value="true" />
    <entry key="editor.distraction.free.mode" value="true" />
  </component>
</application>