<application>
  <component name="DesignSurface">
    <option name="filePathToZoomLevelMap">
      <map>
        <entry key="../../../../../../layout/compose-model-1607995528048.xml" value="0.33" />
        <entry key="../../../../../../layout/compose-model-1607995832421.xml" value="0.32820906994619525" />
        <entry key="../../../../../../layout/compose-model-1607997823640.xml" value="0.34775641025641024" />
        <entry key="../../../../../../layout/compose-model-1607999116815.xml" value="1.0" />
        <entry key="../../../../../../layout/compose-model-1607999134905.xml" value="0.33358954650269024" />
        <entry key="../../../../../../layout/compose-model-1608052747680.xml" value="0.3662447257383966" />
        <entry key="../../../../../../layout/compose-model-1608053104671.xml" value="0.3662447257383966" />
        <entry key="../../../../../../layout/compose-model-1608056368287.xml" value="0.3662447257383966" />
        <entry key="../../../../../../layout/compose-model-1608057004503.xml" value="0.3662447257383966" />
        <entry key="../../../../../../layout/compose-model-1608081577971.xml" value="0.3662447257383966" />
        <entry key="../../../../../../layout/compose-model-1608082341201.xml" value="1.1242774566473988" />
        <entry key="../../../../../../layout/compose-model-1608083284897.xml" value="1.1242774566473988" />
        <entry key="../../../../../../layout/compose-model-1608084219056.xml" value="0.2518518518518518" />
        <entry key="../../../../../../layout/custom_preview.xml" value="0.1" />
        <entry key="app/src/main/res/drawable-v24/ic_launcher_foreground.xml" value="0.38385416666666666" />
        <entry key="app/src/main/res/drawable/ic_baseline_star_outline_24.xml" value="0.1" />
        <entry key="app/src/main/res/drawable/ic_book_black_24dp.xml" value="0.1" />
        <entry key="app/src/main/res/drawable/ic_launcher_background.xml" value="0.38385416666666666" />
        <entry key="app/src/main/res/drawable/ic_library_books_black_24dp.xml" value="0.38385416666666666" />
        <entry key="app/src/main/res/drawable/ic_local_library_black_24dp.xml" value="0.38385416666666666" />
        <entry key="app/src/main/res/layout/activity_main.xml" value="0.3605072463768116" />
        <entry key="app/src/main/res/menu/bottom_menu.xml" value="0.36875" />
        <entry key="app/src/main/res/mipmap-anydpi-v26/ic_launcher.xml" value="0.36018518518518516" />
      </map>
    </option>
  </component>
</application>